Gaia source id,SIMBAD,RA,DEC,SpType,Teff,parallax,parallax_error,ruwe,distance,E_distance,e_distance,Luminosity,E_Luminosity,e_Luminosity,Vickers category
565507868441719424,IRAS 01005+7910,01:04:45.5,+79:26:47,B2,4.36,0.2414,0.0176,1.037,3.685,0.25699997,0.22399998,2471.0,358.0,290.0,1
2351623413515105920,BPS CS22946-0005,01:16:52.9,-22:12:09,B,4.26,-0.03566,0.03403,1.017,13.85,3.3899994,4.257,1237.0,681.0,643.5,2
4715635535640762240,LB 3193,01:18:53.3,-61:55:41,,,0.1369,0.02433,0.7787,5.71,0.9250002,0.7119999,521.6,182.90002,121.99997,1
532078488709487360,IRAS 01259+6823,01:29:33.3,+68:39:15,F5Ie,3.81,0.6155,0.141,1.309,1.781,0.6750001,0.34600008,406.2,366.09998,142.6,2
4686479751449676032,LB 3219,01:30:22.9,-73:03:33,B,4.26,-0.06748,0.02376,0.9284,29.23,11.350002,9.039999,48700.0,45200.0,25500.0,1
351149177434709760,IRAS 01427+4633,01:45:47.0,+46:49:02,F2III,3.85,0.2929,0.01678,1.058,3.078,0.16499996,0.13400006,1913.0,212.0,162.0,3
459182413984008448,IRAS 02143+5852,02:17:57.7,+59:05:53,F7Ie,3.79,1.364,0.2892,18.69,0.8538,0.2762,0.17479998,87.47,65.729996,32.14,2
513671461473684352,IRAS Z02229+6208,02:26:41.6,+62:21:23,K0,3.64,0.3806,0.06015,2.454,2.352,0.33500004,0.28900003,7978.0,2422.0,1838.0,1
433515788197481984,IRAS 02528+4350,02:56:11.3,+44:02:54,A0e,3.99,2.541,0.01881,1.234,0.3899,0.002700001,0.0031999946,13.68,0.18999958,0.22000027,2
3303343395568710016,IRAS 03507+1115,03:53:28.9,+11:24:21,M7,3.47,3.836,0.2739,2.844,0.2602,0.021300018,0.016599998,10700.0,1800.0,1360.0,3
471908436438311680,IRAS 04215+6000,04:25:50.8,+60:07:12,W9,4.643,0.1528,0.01641,1.1,5.232,0.6750002,0.43899965,2300.0,631.0,371.0,3
173086700992466688,IRAS 04296+3429,04:32:57.0,+34:36:11,G0Ia,3.76,-0.3795,0.1734,5.758,5.048,2.1030002,1.1489999,6168.0,6232.0,2488.0,1
255225480926107392,IRAS 05040+4820,05:07:50.4,+48:24:09,A4Ia,3.935,0.3221,0.01446,1.02,2.839,0.12299991,0.12800002,5255.0,466.0,462.0,1
3238918336374596864,IRAS 05089+0459,05:11:36.2,+05:03:26,M3I,3.49,0.7537,0.3454,21.91,1.336,0.60800004,0.34659994,223.0,249.6,100.6,2
3388902129107252992,IRAS 05113+1347,05:14:07.7,+13:50:29,G5I,3.7,-0.009228,0.1459,6.663,4.63,3.7860003,1.3170002,2615.0,6027.0,1276.0,1
3422437684728294528,IRAS 05140+2851,05:17:15.5,+28:54:20,F0,3.87,0.8939,0.07888,2.834,1.085,0.125,0.08000004,14600.0,3500.0,2100.0,2
2968265509022275840,IRAS 05208-2035,05:22:59.5,-20:32:52,,,0.6872,0.03039,2.184,1.403,0.059000015,0.052999973,854.4,73.39996,63.600037,1
4758015524139610880,CPD-61 455,05:23:33.7,-60:55:28,B1,4.42,0.6942,0.03466,1.683,1.395,0.08500004,0.07700002,95.41,11.889999,10.320007,1
2902505745786910080,IRAS F05338-3051,05:35:44.2,-30:49:35,G5,3.7,0.5225,0.01584,1.094,1.85,0.042999983,0.04400003,2050.0,97.0,96.0,2
3334854780347915520,IRAS 05341+0852,05:36:55.2,+08:54:08,F6I,3.8,0.5102,0.1935,12.96,2.057,0.7220001,0.45299995,347.1,286.1,136.20001,1
3336558507975208448,IRAS 05381+1012,05:40:57.1,+10:14:25,G2I,3.73,1.038,0.01606,1.042,0.9368,0.010200024,0.010699987,126.4,2.7999954,2.9000015,1
994259335315643520,IRAS 06338+5333,06:37:52.2,+53:31:02,F7IV:,3.79,0.2678,0.02449,1.622,3.399,0.27800012,0.27699995,3211.0,548.0,501.0,1
3105987960396950784,IRAS 06530-0213,06:55:31.7,-02:17:27,F5Ia,3.81,0.2412,0.07421,3.657,3.778,1.2119997,0.8920002,2298.0,1711.0,957.0,1
3159640386918214528,IRAS 07008+1050,07:03:39.8,+10:46:12,A0,3.99,0.5178,0.02971,1.348,1.813,0.110000014,0.10599995,4068.0,507.0,465.0,1
3108327343185135872,IRAS 07131-0147,07:15:41.8,-01:52:40,M5III,3.47,0.79,0.132,8.333,1.252,0.21500003,0.15799999,86.17,32.230003,20.379997,2
5617989266685365120,IRAS 07140-2321,07:16:08.3,-23:27:03,F5,3.81,0.1785,0.01227,1.029,5.122,0.4039998,0.37700033,9548.0,1552.0,1354.0,2
3156171118495247360,IRAS 07134+1005,07:16:10.3,+09:59:47,F5I,3.81,0.4538,0.02398,0.9215,2.099,0.11000013,0.10799992,3296.0,355.0,330.0,1
3032030620730261376,IRAS 07227-1320,07:25:03.0,-13:26:20,M1I,3.56,0.4894,0.02147,1.176,1.982,0.074,0.06700003,393.0,29.600006,26.399994,2
5620444471847839232,IRAS 07253-2001,07:27:33.0,-20:07:21,F2I,3.85,2.454,0.5164,42.89,0.4521,0.1672,0.09,25.55,22.380001,9.16,1
3151417586128916864,IRAS 07430+1115,07:45:51.4,+11:08:20,M2I,3.54,3.058,0.5008,21.8,0.3609,0.081799984,0.06130001,20.32,10.25,6.3199997,1
5597822402371118336,IRAS 07577-2806,07:59:46.5,-28:14:54,,,0.7765,0.1603,10.21,1.423,0.398,0.24899995,54.66,34.84,17.470001,1
5698817012142459136,IRAS 08005-2356,08:02:40.8,-24:04:44,F5Iae,3.81,-0.2573,0.08291,5.902,9.183,2.137,1.6869998,54200.0,28200.0,18100.0,1
5545800762036628736,IRAS 08057-3417,08:07:40.0,-34:26:04,,,0.2582,0.02479,2.062,3.859,0.4360001,0.32800007,5839.0,1392.0,951.0,1
5520238967817034880,IRAS 08143-4406,08:16:03.1,-44:16:05,F8I,3.78,0.2382,0.01751,1.433,4.155,0.41299963,0.27800012,3401.0,711.0,440.0,1
5707613169577769600,IRAS 08187-1905,08:20:57.2,-19:15:04,F6Ib/II,3.8,0.2879,0.03339,1.695,3.259,0.39100003,0.342,3728.0,948.0,741.0,1
5540178478053582592,IRAS 08242-3828,08:26:03.7,-38:38:47,,,0.4959,0.05201,1.155,2.086,0.30999994,0.22599995,2541.0,811.0,521.0,2
5277809440015969792,IRAS 08275-6206,08:28:24.5,-62:16:20,,,0.4962,0.01418,1.073,1.952,0.05000007,0.05700004,629.0,32.099976,36.299988,1
5515266327706463616,IRAS 08281-4850,08:29:40.6,-49:00:03,F0I,3.87,-0.137,0.06858,6.044,11.45,3.6599998,2.7220001,8394.0,6206.0,3518.0,1
5521628033275348480,IRAS 08351-4634,08:36:45.4,-46:44:49,,,0.5048,0.05034,0.9962,1.963,0.19499993,0.2010001,836.1,174.90002,162.19995,2
5409069172514684416,IRAS 09394-4909,09:41:14.0,-49:22:46,,,0.1483,0.04141,2.407,5.236,1.23,0.9050002,18300.0,9700.0,5700.0,3
5462428643590805248,IRAS 10158-2844,10:18:07.5,-28:59:31,B9,4.02,0.7107,0.09842,1.935,1.449,0.30999994,0.18599999,18000.0,8600.0,4300.0,1
5254793942926363392,IRAS 10214-6017,10:23:09.4,-60:32:43,O7,4.57,0.2233,0.02297,1.332,4.195,0.35599995,0.3670001,4242.0,750.0,710.0,3
5351904394753372672,IRAS 10256-5628,10:27:35.3,-56:44:19,F5I,3.81,-0.08773,0.3328,6.799,3.84,2.062,1.221,2802.0,3816.0,1499.0,1
5351069693654349952,IRAS 10456-5712,10:47:38.5,-57:28:03,M0,3.57,0.8997,0.02553,0.984,1.104,0.035000086,0.028999925,16800.0,1100.0,900.0,2
5241806275407841664,IRAS 11000-6153,11:02:04.4,-62:09:44,F2III,3.85,0.2214,0.01513,1.062,4.404,0.28900003,0.2909999,23700.0,3200.0,3100.0,2
5337582534294739456,IRAS 11159-5954,11:18:07.3,-60:10:39,,,-0.2945,0.1325,2.095,7.04,2.3409996,1.4689999,4510.0,3498.0,1686.0,2
5237007177683569536,IRAS 11201-6545,11:22:18.8,-66:01:49,A3Ie,3.95,0.236,0.1275,10.32,4.492,3.626,1.454,2744.0,6219.0,1489.0,1
5335866849446446080,IRAS 11339-6004,11:36:20.9,-60:20:53,,,0.07976,0.2998,1.026,4.707,2.7740002,1.9679997,797.7,1217.3,527.7,1
5335709477519159936,IRAS 11353-6037,11:37:43.1,-60:53:50,B5Ie,4.18,0.1692,0.01331,1.101,5.416,0.37599993,0.37599993,2552.0,366.0,342.0,1
5332682659443937664,IRAS 11381-6401,11:40:31.7,-64:18:26,,,-0.09479,0.195,0.9462,6.013,2.5800004,1.6620002,4700.0,4899.0,2239.0,1
5343168568718268800,IRAS 11385-5517,11:40:58.9,-55:34:27,B8,4.06,0.5452,0.01986,1.054,1.788,0.05700004,0.065999985,17400.0,1200.0,1200.0,1
5335675087769798272,IRAS 11387-6113,11:41:08.7,-61:30:19,A3Ie,3.95,0.1854,0.01799,1.179,5.022,0.63600016,0.467,3254.0,876.0,577.0,1
3589047952995134720,IRAS 11472-0800,11:49:48.0,-08:17:21,,,0.1102,0.08412,4.678,6.107,3.025,1.973,3394.0,4195.0,1839.0,1
3492184311482349824,EC 11507-2253,11:53:15.9,-23:09:53,B5,4.18,-0.001212,0.03753,0.9783,11.04,4.75,2.368,333.8,349.5,127.79999,1
5335102207846402176,IRAS 11531-6111,11:55:37.8,-61:28:16,B8Ie,4.06,0.1582,0.018,0.9739,5.266,0.4550004,0.42999983,416.0,75.0,65.100006,1
5332853912685160064,IRAS 11544-6408,11:56:57.2,-64:25:16,,,-0.5461,0.8404,1.23,4.581,2.5350003,1.5319998,4177.0,5923.0,2326.0,1
3920735495441657728,BD+13 2491,12:07:10.9,+12:59:07,B9,4.02,0.5972,0.02673,0.798,1.567,0.06499994,0.06400001,2855.0,243.0,227.0,1
6076326701687231872,IRAS 12175-5338,12:20:15.0,-53:55:29,A7I,3.9,-0.008528,0.06591,3.651,8.691,3.7989998,2.205,20000.0,21400.0,8800.0,1
3469106382752903168,CD-31 9638,12:20:45.0,-32:33:25,A2II/III,3.96,0.3669,0.02124,1.12,2.568,0.13800001,0.13900018,831.2,91.39996,87.70001,1
6130448958959242240,IRAS 12222-4652,12:24:53.4,-47:09:09,F4,3.82,0.1696,0.03048,1.298,5.13,0.79299974,0.5999999,38000.0,12600.0,8400.0,1
6053621271182676352,IRAS 12302-6317,12:33:07.5,-63:33:41,,,-0.5671,0.14,1.307,11.12,5.13,3.3119998,13100.0,14900.0,6638.0,1
6058372329633216896,IRAS 12309-5928,12:33:44.5,-59:45:18,,,-3.575,1.788,2.33,5.297,2.8920002,1.9129999,1010.0,1404.0,597.6,1
6060828565581083264,IRAS 12360-5740,12:38:53.2,-57:56:31,F0,3.87,0.09115,0.01444,1.07,9.082,1.1479998,0.8210001,4537.0,1219.0,783.0,2
6073662099660289536,IRAS 12419-5414,12:44:46.1,-54:31:12,,,2.689,0.1329,3.534,0.3653,0.01730001,0.01699999,13.08,1.2600002,1.1899996,1
3497154104039422848,IRAS 12538-2611,12:56:30.1,-26:27:36,F3Ia,3.83,0.567,0.02287,0.9709,1.684,0.08500004,0.06500006,6753.0,692.0,512.0,1
6084869868362934144,IRAS 12584-4837,13:01:17.6,-48:53:20,B5e,4.18,1.589,0.1501,7.593,0.649,0.09320003,0.062999964,241.0,74.100006,44.600006,2
6055883241501706752,IRAS 13010-6012,13:04:05.3,-60:28:46,,,-0.02005,0.1794,7.212,5.532,2.5399995,1.6300001,550.8,622.2,276.69998,2
5863599857739835264,IRAS 13064-6103,13:09:36.3,-61:19:37,B,4.26,-1.358,0.3747,25.79,4.544,1.8439999,1.3390002,15800.0,15300.0,7961.0,3
6066902993687172608,IRAS 13110-5425,13:14:08.4,-54:41:34,F5Ia/ab,3.81,0.6395,0.03135,1.06,1.535,0.07099998,0.06699991,2506.0,237.0,213.0,1
5857811238294426752,IRAS 13110-6629,13:14:26.8,-66:45:33,,,0.2353,0.0212,0.8677,4.004,0.2999997,0.30200028,5548.0,862.0,805.0,1
5869845594859880064,IRAS 13203-5917,13:23:32.2,-59:32:50,G2I,3.73,0.1829,0.0423,3.218,5.383,1.25,0.7399998,2057.0,1067.0,526.0,1
3624198034063995008,BPS CS22877-0023,13:25:39.5,-08:49:21,B3,4.26,0.05649,0.02846,1.076,9.595,4.4449997,1.7920003,822.2,938.8,278.5,1
6083719439934104832,CD-46 8644,13:26:26.2,-47:16:27,A7,3.9,0.177,0.02015,0.933,4.893,0.4449997,0.3790002,1245.0,237.0,185.0,1
6083708479176016128,Cl* NGC 5139WOR1957,13:27:28.9,-47:22:48,,,0.1151,0.02973,0.9013,6.249,1.2589998,0.7880001,1757.0,779.0,415.0,1
6070128028770373888,IRAS 13245-5036,13:27:37.1,-50:52:05,A7,3.9,0.01164,0.02207,1.605,14.21,3.1699991,2.8999996,6863.0,3437.0,2517.0,1
6063703586653222144,IRAS 13266-5551,13:29:51.1,-56:06:53,B1Iae,4.42,0.3382,0.02037,1.141,2.822,0.16000009,0.14499998,3560.0,416.0,357.0,1
5783415017323438848,IRAS 13258-8103,13:31:06.3,-81:18:30,F8,3.78,0.7166,0.2074,8.569,1.608,0.704,0.385,144.9,154.5,61.089996,2
5870113880062711552,IRAS 13313-5838,13:34:37.4,-58:53:33,K5I,3.59,1.087,0.1266,10.35,0.9638,0.14819998,0.09100002,72.46,23.93,13.040001,2
5865398796206273152,IRAS 13356-6249,13:39:06.4,-63:04:45,,,0.284,0.09332,1.171,2.988,0.80700016,0.635,5857.0,3590.0,2226.0,1
5869018899564351872,IRAS 13398-5951,13:43:12.4,-60:07:04,,,1.53,0.5946,1.628,2.326,0.81200004,1.198,232.7,190.59999,177.95999,3
5864661779824561664,IRAS 13416-6243,13:45:07.2,-62:58:15,G1I,3.745,0.2058,0.1035,1.002,4.401,1.9899998,1.089,14600.0,16200.0,6330.0,1
5867561191994328704,IRAS 13529-5934,13:56:24.9,-59:48:58,,,-0.9131,0.9837,2.641,3.942,1.6240001,1.675,761.3,756.7,509.5,1
5896479309853592448,IRAS 14072-5446,14:10:39.0,-55:00:27,A3I,3.95,0.2072,0.01432,0.8488,4.34,0.25899982,0.24000025,4860.0,596.0,524.0,1
5853777267581362176,IRAS 14103-6311,14:14:09.3,-63:25:47,M0,3.57,0.2771,0.1764,12.84,3.825,2.035,1.046,9921.0,13379.0,4686.0,3
5849962851220246016,IRAS 14325-6428,14:36:34.5,-64:41:31,F5I,3.81,0.1916,0.03695,2.181,4.883,0.928,0.6209998,4603.0,1914.0,1098.0,2
5849958457496943744,IRAS 14331-6435,14:37:10.3,-64:48:06,B3Ie,4.26,0.3508,0.05762,3.417,2.914,0.5309999,0.44000006,4103.0,1628.0,1147.0,1
5877302177877393024,IRAS 14341-6211,14:38:05.1,-62:24:49,,,-0.1183,0.1751,1.815,7.756,4.1839995,2.711,3549.0,4862.0,2047.0,1
5878583349370477312,IRAS 14346-5952,14:38:24.6,-60:04:52,,,0.2612,0.09555,1.126,3.142,0.99099994,0.7249999,4857.0,3546.0,1982.0,2
5906408788891928704,IRAS 14429-4539,14:46:13.7,-45:52:07,G0Ie,3.76,-0.1067,0.5072,2.788,3.848,2.6999998,1.688,3065.0,5811.0,2099.1,1
5880708980232408448,IRAS 14482-5725,14:51:58.2,-57:38:17,A2I,3.96,0.3575,0.04921,1.935,2.501,0.38900018,0.27699995,431.6,144.80002,90.399994,1
5893945588395282304,IRAS 14488-5405,14:52:28.9,-54:17:43,A0Ie,3.99,0.2684,0.01725,1.327,3.421,0.21399999,0.19499993,7420.0,959.0,823.0,2
5899715786733345536,IRAS 14562-5406,14:59:53.5,-54:18:09,W9.,4.643,0.4824,0.02653,1.346,1.937,0.09699988,0.07800007,6829.0,705.0,536.0,3
5903310335089068416,IRAS 15039-4806,15:07:27.2,-48:17:53,A5Iab,3.92,0.5629,0.02623,0.8877,1.708,0.074,0.06099999,5202.0,461.0,364.0,1
5886573569080505216,IRAS 15066-5532,15:10:26.6,-55:44:13,,,0.2613,0.02468,1.181,3.226,0.24300003,0.20099998,2009.0,314.0,242.0,1
5877154701494366336,IRAS 15103-5754,15:14:18.7,-58:05:20,,,0.3072,0.8099,1.092,3.713,1.8900001,1.7260001,7225.0,9275.0,5157.0,3
5877096736611221888,IRAS 15144-5812,15:18:21.9,-58:23:13,,,-0.01795,0.08041,1.06,7.332,2.118,1.9269996,15500.0,10300.0,7056.0,2
5888049732191403904,IRAS 15154-5258,15:19:08.7,-53:09:51,W4,5.068,0.2992,0.02428,1.027,2.891,0.2019999,0.20900011,643.5,93.099976,89.5,3
5824126771840487936,IRAS 15210-6554,15:25:31.5,-66:05:20,K2I,3.62,-0.1524,0.1427,2.279,7.46,2.5900002,2.7670002,4563.0,3716.0,2757.0,1
1194929381434604800,IRAS F15240+1452,15:26:20.9,+14:41:36,B9Iab:p,4.02,0.7516,0.07943,2.023,1.316,0.19700003,0.13199997,1435.0,462.0,272.0,1
1369896865785991424,BD+33 2642,15:51:59.8,+32:56:54,O7p,4.57,0.2708,0.03194,1.295,3.467,0.467,0.3080001,2260.0,649.0,383.0,2
5996617434442714880,IRAS 16029-4101,16:06:24.4,-41:09:57,,,0.1999,0.06919,4.272,4.337,0.9560003,0.88899994,978.0,479.0,359.59998,1
5933063252888145920,IRAS 16086-5255,16:12:30.6,-53:03:11,,,0.3575,0.01403,0.912,2.504,0.125,0.095999956,771.1,79.0,58.099976,2
5835411094089870592,IRAS 16099-5651,16:14:01.4,-56:59:28,M8,3.47,0.3365,0.1137,0.8452,3.943,2.0329998,0.987,12400.0,16100.0,5437.0,3
5935061172876722176,IRAS 16115-5044,16:15:17.9,-50:52:21,,,0.2912,0.09049,0.9794,3.046,0.80200005,0.8039999,13100.0,7900.0,5984.0,1
5990014935825542144,IRAS 16130-4620,16:16:42.9,-46:27:53,,,-0.8879,0.5377,1.115,5.382,3.4779997,1.898,2897.0,4953.0,1683.0,2
5934701559547878144,IRAS 16133-5151,16:17:13.2,-51:59:11,B0,4.49,0.3658,0.08558,2.51,2.646,0.6170001,0.45599985,17400.0,9100.0,5500.0,3
5932016212933920384,LS 3593,16:24:39.4,-54:38:08,A0Ib,3.99,0.4431,0.01907,0.8017,2.138,0.09100008,0.07999992,4453.0,387.0,326.0,1
5831295999979910656,IRAS 16206-5956,16:25:02.9,-60:03:32,A0Iae,3.99,0.1815,0.01914,1.066,5.021,0.6620002,0.41400003,6024.0,1695.0,950.0,1
4351018375858237952,IRAS F16277-0724,16:30:30.1,-07:30:52,A7Ib,3.9,0.2808,0.02523,1.156,3.101,0.28699994,0.20600009,40700.0,7900.0,5200.0,2
5941189713256986752,IRAS 16279-4757,16:31:38.8,-48:04:07,M3II,3.49,-0.07645,0.1863,1.465,4.454,1.9970002,1.319,28200.0,30900.0,14200.0,1
5943899425344608000,IRAS 16283-4424,16:31:57.6,-44:31:25,,,-0.09499,0.03891,2.773,13.82,3.210001,2.87,11100.0,5700.0,4141.0,1
1324742534573959424,BD+32 2754,16:36:11.9,+32:29:21,F8,3.78,3.239,0.01448,1.161,0.3067,0.0012000203,0.0011999905,10.34,0.09000015,0.07999992,2
5943047784868946688,IRAS 16328-4517,16:36:25.8,-45:24:04,,,0.6402,0.1996,6.352,1.936,0.732,0.521,307.4,276.19998,143.2,1
5941041038676090112,IRAS 16333-4807,16:37:06.8,-48:13:43,,,0.3643,0.02415,1.003,2.426,0.14399981,0.113000154,1754.0,214.0,159.0,3
1328057763997734144,Cl* NGC 6205BARN29,16:41:33.8,+36:26:11,B2p,4.36,0.07747,0.02984,1.157,8.997,2.6830006,1.9409995,2186.0,1500.0,842.0,1
4334241408966611328,IRAS 16476-1122,16:50:24.3,-11:27:58,M1I,3.56,0.4714,0.03144,1.099,1.978,0.12699997,0.1220001,1013.0,135.0,120.900024,2
5969973999973524224,IRAS 16494-3930,16:52:55.4,-39:34:58,,,0.3296,0.05899,1.014,2.915,0.5580001,0.41199994,586.1,246.30005,153.99997,1
4365451214021224320,LS IV-04_1,16:56:27.8,-04:47:24,B,4.26,0.0333,0.01732,1.03,10.86,1.5100002,1.4049997,4248.0,1265.0,1030.0,1
6029425384023553792,IRAS 16559-2957,16:59:08.2,-30:01:41,F5I(e),3.81,-2.031,0.5011,23.13,7.215,2.6519995,1.8910003,10400.0,9100.0,4731.0,1
5963059480546004608,IRAS 16594-4656,17:03:10.0,-47:00:29,B7,4.1,0.5463,0.07267,0.6971,1.719,0.23500001,0.19299996,2599.0,758.0,553.0,1
5965575811694758784,IRAS 17009-4154,17:04:29.8,-41:58:38,,,-2.732,0.8617,1.26,5.951,4.519,2.7710001,17700.0,37200.0,12633.0,1
4568163710366782848,PG 1704+222,17:06:46.2,+22:05:51,B3,4.26,0.09092,0.02531,0.9389,7.513,1.8499999,1.223,1242.0,687.0,371.5,1
5917195002285834240,IRAS 17047-5650,17:09:00.8,-56:54:48,W9,4.643,0.6779,0.04712,2.916,1.483,0.110000014,0.096000075,5575.0,852.0,700.0,3
5973374200987325056,IRAS 17067-3759,17:10:08.3,-38:03:23,,,-0.1037,0.3097,0.9856,4.497,2.191,1.6060002,1052.0,1274.0,617.4,2
4128590918794710272,IRAS 17074-1845,17:10:24.0,-18:49:01,B5Ibe,4.18,0.07204,0.04199,1.707,8.025,1.8650007,1.5729995,8179.0,4221.0,2892.0,1
4128590918794710272,IRAS 17074-1845,17:10:24.0,-18:49:01,B5Ibe,4.18,0.07204,0.04199,1.707,8.025,1.8650007,1.5729995,6698.0,3502.0,2368.0,3
5980714063986945920,IRAS 17106-3046,17:13:51.8,-30:49:42,F5I,3.81,-0.05944,0.1628,4.161,7.194,2.2930007,2.0429997,12800.0,9400.0,6246.0,1
5971985036767008256,IRAS 17130-4029,17:16:28.9,-40:32:30,,,-0.2401,0.4763,1.961,5.626,2.9480004,2.066,1171.0,1549.0,702.0,2
5972460442434579968,IRAS 17163-3907,17:19:49.3,-39:10:37,,,0.1262,0.06467,0.9698,5.196,1.401,1.0320001,577000.0,354000.0,206000.0,2
4058987022459300096,IRAS 17183-3017,17:21:31.9,-30:20:50,,,0.01154,0.2311,3.618,7.24,2.172,2.0679998,6709.0,4591.0,3285.0,3
4108072721831278976,IRAS 17195-2710,17:22:43.6,-27:13:38,,,0.1154,0.3964,2.942,6.865,2.521,2.8349996,8059.0,7041.0,5281.0,1
4136944866387751552,IRAS 17203-1534,17:23:11.9,-15:37:16,B1IIIpe,4.42,0.06628,0.02474,1.379,7.934,1.2989998,1.1570001,9191.0,3309.0,2485.0,1
4109870908774509184,IRAS 17209-2556A,17:24:01.4,-25:59:23,W9,4.643,0.1705,0.03217,1.189,5.101,0.928,0.7129998,1197.0,475.0,311.40002,3
5972489407656030720,IRAS 17208-3859,17:24:19.5,-39:01:48,A2I,3.96,0.6806,0.4884,0.9974,4.997,2.6939998,2.5750003,3171.0,4341.0,2426.1,1
4109553493474085504,IRAS 17223-2659,17:25:26.5,-27:02:01,,,0.1633,0.05672,1.747,5.204,1.5139999,1.1500001,4224.0,2816.0,1660.0,2
5960186761599871488,IRAS 17234-4008,17:26:56.1,-40:11:02,,,0.2026,0.103,1.063,5.365,3.493,1.5489998,1583.0,2733.0,781.9,1
5975007147549090432,IRAS 17251-3505,17:28:27.7,-35:07:33,,,0.5911,0.2289,0.9569,2.414,1.1039999,0.753,1917.0,2154.0,1009.8,3
4162959693758887424,IRAS 17279-1119,17:30:46.8,-11:22:10,F2/3II,3.85,0.2006,0.01578,1.022,4.269,0.31099987,0.28900003,9313.0,1387.0,1217.0,1
5975083327400970752,IRAS 17277-3506,17:31:04.1,-35:08:41,B4,4.22,0.7429,0.02456,1.111,1.285,0.051,0.041999936,6798.0,547.0,440.0,2
4110550475656804864,IRAS 17291-2402,17:32:12.8,-24:04:59,,,0.7431,0.399,10.87,3.791,2.0890002,1.8469999,1882.0,2648.0,1386.9,1
4061265519768800768,IRAS 17317-2743,17:34:53.6,-27:45:13,F5I,3.81,-0.0573,0.1211,2.93,8.323,2.4169998,2.212,8659.0,5741.0,3992.0,1
5946845601071213696,IRAS 17311-4924,17:35:02.4,-49:26:27,B1Iae,4.42,0.2378,0.02014,1.084,3.858,0.2850001,0.21399999,9960.0,1540.0,1075.0,1
4117592465329067008,IRAS 17332-2215,17:36:17.0,-22:17:20,K2I,3.62,3.201,0.5658,3.549,0.3528,0.104199976,0.06460002,9.707,6.583001,3.2259998,1
5955201232284272384,[DSH2001] 279-19,17:39:02.3,-45:00:38,,,0.1742,0.02159,0.8732,4.714,0.57699966,0.41000032,204.0,53.0,33.899994,2
4060159376692627840,IRAS 17358-2854,17:39:02.9,-28:56:37,,,0.3809,0.03419,0.9727,2.275,0.148,0.16200018,626.3,84.0,86.0,3
4117263131638476032,IRAS 17360-2142,17:39:05.8,-21:43:52,,,-0.212,0.1939,4.72,7.159,1.81,1.9709997,3536.0,2015.0,1679.0,1
4053492968991830400,IRAS 17370-3357,17:40:20.1,-33:59:15,,,0.4714,0.68,1.098,8.062,2.8479996,3.4470005,4290.0,3561.0,2884.0,1
4118178784208141568,IRAS 17376-2040,17:40:38.7,-20:41:52,,,-3.264,1.149,1.036,6.973,2.1769996,1.8590002,6758.0,4842.0,3123.0,2
4124125282361429504,IRAS 17381-1616,17:41:00.1,-16:18:13,B1Ibe,4.42,0.1086,0.02488,1.148,6.437,1.0680003,0.7909999,2984.0,1071.0,689.0,1
4053880649927702656,IRAS 17385-3332,17:41:52.4,-33:33:41,,,-0.2518,0.1604,3.945,9.068,3.1619997,2.9359999,5427.0,4452.0,2945.0,1
1367102319545324288,IRAS 17436+5003,17:44:55.3,+50:02:39,F3Ib,3.83,0.5022,0.02353,1.216,1.921,0.09500003,0.09099996,6978.0,705.0,648.0,1
4120637086125583360,IRAS 17423-1755,17:45:14.1,-17:56:47,B7e,4.1,0.3145,0.3048,1.665,5.32,2.1679997,1.4470003,11000.0,10800.0,5164.0,1
4120632688077368192,IRAS 17433-1750,17:46:15.7,-17:51:47,,,0.03223,0.0198,0.9203,9.585,1.6850004,1.316,16400.0,6200.0,4200.0,2
4041945343757244160,IRAS 17440-3310,17:47:22.6,-33:11:08,F3I,3.83,-0.1553,0.1173,0.7693,8.292,2.368,2.006,7975.0,5225.0,3391.0,1
5954670408684703872,IRAS 17476-4446,17:51:16.5,-44:47:30,B7Ie,4.1,0.1278,0.02704,1.285,6.172,1.8909998,0.86100006,1028.0,727.0,266.3,1
4056355822397882880,IRAS 17480-3023,17:51:19.0,-30:23:52,W9,4.643,0.08293,0.06204,0.9587,8.166,3.3139992,2.0000005,4535.0,4424.0,1950.0,3
4119492494479957760,IRAS 17487-1922,17:51:45.0,-19:23:45,,,-0.8405,0.4909,3.084,5.948,3.0699997,2.189,3538.0,4594.0,2125.0,1
4067343654354938112,IRAS 17516-2525,17:54:43.3,-25:26:29,B0,4.49,0.1901,0.07296,0.9617,4.313,1.4299998,1.1580002,28400.0,22000.0,13200.0,1
4582795323914832000,IRAS 17534+2603,17:55:25.1,+26:03:00,F2Ibp,3.85,0.7608,0.06143,1.223,1.307,0.12899995,0.10800004,15300.0,3200.0,2400.0,1
4172337943816530432,IRAS 17542-0603,17:56:56.0,-06:04:10,,,0.1004,0.08589,5.976,5.867,2.066,1.2990003,4716.0,3906.0,1857.0,1
4035783611879028736,IRAS 17567-3849,17:57:47.7,-38:34:12,,,-0.2137,0.2057,3.581,7.204,3.4360003,2.158,6902.0,8198.0,3515.0,3
4062759511236966016,IRAS 17550-2800,17:58:10.4,-28:00:31,,,-0.08242,0.2097,1.578,7.081,3.4790006,2.086,3510.0,4295.0,1764.0,2
4062301564840251520,IRAS 17574-2921,18:00:37.6,-29:21:50,W9,4.643,0.09124,0.05175,1.03,7.683,2.1430001,1.8510003,1830.0,1163.0,776.0,3
4062817927079802240,IRAS 18022-2822,18:05:25.7,-28:22:03,W9,4.643,0.2371,0.04335,1.073,3.925,0.8230002,0.6559999,739.6,342.40002,226.69995,3
4042544062195042176,IRAS 18023-3409,18:05:38.4,-34:09:31,B9Ia+e,4.02,0.02221,0.02686,1.138,9.35,1.1499996,1.2330008,23200.0,6000.0,5700.0,1
4035907203854415488,IRAS 18025-3906,18:06:03.3,-39:05:56,G2I,3.73,0.536,0.1942,8.582,3.047,4.1480002,1.073,2061.0,9439.0,1196.3,1
4579182637944779264,IRAS 18062+2410,18:08:19.9,+24:10:44,B1IIIe,4.42,0.1427,0.04889,2.886,4.462,1.0890002,0.89699984,3643.0,1997.0,1318.0,1
4065774307705264384,IRAS 18061-2505,18:09:12.4,-25:04:33,W8,4.778,0.5534,0.1214,0.9664,2.185,0.707,0.59599996,434.5,326.40002,204.7,3
4158154754919296000,IRAS 18075-0924,18:10:15.1,-09:23:34,G2I,3.73,-0.1714,0.1916,7.58,6.947,2.7549996,2.468,9700.0,9200.0,5668.0,1
4093773847992815744,IRAS 18083-2155,18:11:19.8,-21:54:59,,,-0.5082,0.4016,0.9837,6.711,3.7190003,2.73,7432.0,10468.0,4816.0,1
4580154606223711872,IRAS 18095+2704,18:11:30.5,+27:05:15,F3Ib,3.83,0.03278,0.184,13.74,4.889,1.652,1.5699999,16600.0,13100.0,8954.0,1
4049331244394134912,IRAS 18129-3053,18:13:58.6,-30:36:57,W9,4.643,0.3432,0.11,3.771,3.971,2.345,1.2379999,6892.0,10508.0,3627.0,3
4065347387968755328,IRAS 18113-2503,18:14:27.2,-25:03:01,,,0.1439,0.03457,1.123,5.217,0.9629998,0.77300024,2014.0,813.0,553.0,1
4049379725984965120,LS 4825,18:16:00.5,-30:45:24,B1Ib,4.42,0.003243,0.01766,0.4916,9.965,1.335,0.8340006,9532.0,2768.0,1528.0,2
4065322923848085760,IRAS 18170-2416,18:20:08.8,-24:15:04,W9,4.643,0.03277,0.03152,0.9947,8.618,2.132,1.2129998,3268.0,1817.0,855.0,3
4046476534251259904,CD-30 15602,18:22:42.6,-30:14:40,G0:,3.76,0.1185,0.02502,0.6698,5.586,0.9289999,0.7119999,1217.0,438.0,290.5,2
4270080782317422208,IRAS 18240-0244,18:26:40.2,-02:42:57,W7,4.851,0.1473,0.2239,0.7685,4.129,1.4789996,1.6880002,5047.0,4261.0,3283.0,3
4155847571502019840,IRAS 18286-0959,18:31:22.9,-09:57:20,,,0.5036,0.5765,1.027,3.263,2.611,1.45,6656.0,14944.0,4602.0,1
4093689116883710592,IRAS 18313-1738,18:34:16.2,-17:36:15,B,4.26,1.244,0.05148,2.397,0.7926,0.03310001,0.029899955,148.2,12.699997,10.899994,2
4104509518289438720,IRAS 18321-1401,18:34:57.6,-13:58:49,,,2.665,1.287,0.9067,5.518,3.067,2.4650002,517.7,735.3,359.2,1
2096072103492979584,V534 Lyr,18:37:58.9,+37:26:06,A0Iabe,3.99,0.538,0.02533,1.081,1.807,0.08399999,0.08100009,1930.0,183.0,169.0,2
6736747708089687936,IRAS 18371-3159,18:40:21.9,-31:56:49,B1Iabe,4.42,0.08495,0.02389,0.9848,7.318,1.3100004,0.901,3213.0,1254.0,742.0,1
4099619470274753408,IRAS 18379-1707,18:40:48.7,-17:04:39,B1IIIep,4.42,0.1417,0.02301,0.9967,5.354,0.69000006,0.553,3268.0,896.0,640.0,1
4508727788268978176,IRAS 18385+1350,18:40:51.8,+13:52:51,,,0.02914,0.08045,0.9762,7.388,2.5370002,1.9050002,1037.0,835.0,465.8,1
4072427555640528000,IRAS 18384-2800,18:41:37.0,-27:57:01,F2/3Ia,3.85,0.1104,0.02714,1.346,6.999,1.2549996,1.177,37300.0,14600.0,11500.0,1
4253622708258596736,IRAS 18420-0512,18:44:41.7,-05:09:15,,,-0.3288,0.2067,1.105,7.554,2.646,2.0949998,7248.0,5952.0,3463.0,2
4266422531037747200,IRAS 18454+0001,18:48:01.2,+00:04:50,,,0.6331,0.7057,1.204,4.631,2.409,2.191,1244.0,1630.0,898.6,2
4285847607265349632,IRAS 18485+0642,18:50:59.7,+06:46:00,,,0.5022,0.514,1.706,3.507,1.6880002,1.509,1414.0,1690.0,954.9,1
4252449701157768960,IRAS 18489-0629,18:51:39.2,-06:26:06,,,-0.01815,0.05595,2.337,10.11,2.6500006,1.8589993,41000.0,24300.0,13700.0,1
4203848980711226112,Cl* NGC6712SSC26,18:53:05.7,-08:42:36,,,0.08902,0.01565,0.7811,7.633,0.6180005,0.7129998,699.1,117.900024,124.5,2
4282499452616310912,IRAS 18539+0549,18:56:22.7,+05:53:00,,,0.9055,0.02348,1.1,1.083,0.031000018,0.02699995,39.84,2.329998,1.9000015,2
4265817151122002688,IRAS 18582+0001,19:00:49.0,+00:06:14,,,0.003407,0.4721,1.057,5.817,3.1840005,2.4029999,5143.0,7157.0,3372.0,1
4080575933190651008,IRAS 19016-2330,19:04:43.5,-23:26:10,,,1.081,0.2845,6.334,1.017,0.4280001,0.21049994,287.7,293.09998,106.90001,3
6715619076008049792,LSE 148,19:07:07.9,-41:43:18,B5,4.18,0.8592,0.04907,1.093,1.13,0.060000062,0.052999973,1253.0,138.0,115.0,1
4293369057089082112,IRAS 19075+0432,19:09:59.8,+04:37:09,,,0.1613,0.02678,1.119,4.898,0.7870002,0.6039996,5326.0,1849.0,1233.0,2
4264026012336768000,IRAS 19114+0002,19:13:58.7,+00:07:32,G2Ia,3.73,0.1893,0.02056,0.9219,4.432,0.3499999,0.3540001,181000.0,30000.0,28000.0,1
4520072476226779520,IRAS 19134+2131,19:15:35.1,+21:36:34,,,0.1327,0.8163,1.601,5.751,2.8709998,2.4959998,2844.0,3549.0,1933.1,1
6435349718091211264,LSE 237,19:18:49.1,-64:35:32,B5,4.18,0.06935,0.03756,0.8585,7.728,1.9970002,1.4700003,1553.0,906.0,535.0,1
4515084168071571840,IRAS 19181+1806,19:20:24.8,+18:11:43,,,0.4675,0.5591,2.219,5.192,2.8770003,2.9889998,727.9,1030.1,596.80005,2
2049984454412871296,IRAS 19200+3457,19:21:55.3,+35:02:57,B8,4.06,0.02547,0.01907,1.066,10.31,1.9699993,1.3220005,7231.0,3069.0,1738.0,2
4516723883521069952,IRAS 19207+2023,19:22:55.9,+20:28:55,F6I,3.8,-0.4114,0.1309,8.057,9.874,3.8060007,2.6849995,5655.0,5245.0,2658.0,1
2018131400704379648,IRAS 19255+2123,19:27:43.9,+21:30:04,,,0.1666,0.109,1.004,4.883,2.263,1.5149999,4293.0,4899.0,2252.0,3
6744366945682210560,IRAS 19288-3419,19:32:06.8,-34:12:59,W4,5.068,-0.521,0.4603,13.91,5.77,3.9249997,2.025,194.7,355.2,112.64,3
4318134628803970816,IRAS 19306+1407,19:32:54.9,+14:13:36,B0-1I,4.49,0.08498,0.05867,1.688,7.135,2.0609999,1.7260003,8501.0,5599.0,3615.0,1
2025220089635846528,IRAS 19309+2646,19:32:57.6,+26:52:45,,,0.1796,0.1326,1.869,4.968,2.289,1.3209999,2542.0,2883.0,1172.0,3
1825500124644105728,IRAS 19312+1950,19:33:24.2,+19:56:57,,,0.4226,0.2392,1.062,2.788,1.467,0.7490001,8000.0,10600.0,3723.0,2
2032744769234150016,IRAS 19327+3024,19:34:45.3,+30:30:57,W9,4.643,0.6184,0.03244,0.9284,1.562,0.06799996,0.07099998,6211.0,556.0,553.0,3
2032364166432389760,IRAS 19343+2926,19:36:18.8,+29:32:49,B0,4.49,0.6285,0.09252,1.606,1.574,0.23000002,0.18799996,2156.0,675.0,485.0,1
4301238979044890496,IRAS 19356+0754,19:38:01.2,+08:01:32,,,0.3179,0.09354,2.418,3.295,1.1349998,0.819,781.8,631.2,340.5,1
2020388045260203008,IRAS 19374+2359,19:39:35.7,+24:06:28,B4,4.22,-1.162,0.4654,1.873,5.186,2.402,2.0749998,15000.0,17100.0,9599.0,1
2022052808961769088,IRAS 19376+2622,19:39:43.3,+26:29:35,,,0.4983,0.1518,2.686,2.501,1.1030002,0.82799995,2896.0,3117.0,1600.0,3
4240112390324832384,IRAS 19386+0155,19:41:08.3,+02:02:30,F5Ib,3.81,0.3238,0.1616,11.59,3.631,1.9580002,1.1890001,7253.0,9947.0,3974.0,1
4318934003785783680,IRAS 19396+1637,19:41:57.0,+16:44:39,M7,3.47,0.9735,0.1033,5.74,1.036,0.11800003,0.101800025,1930.0,468.0,359.0,3
2049034819957965312,IRAS 19410+3733,19:42:53.0,+37:40:42,F3Ib,3.83,1.042,0.01964,1.082,0.9452,0.018999994,0.024100006,1016.0,41.0,51.200012,2
2031794791233840128,IRAS 19454+2920,19:47:24.8,+29:28:11,A0,3.99,0.09847,0.02496,1.048,6.83,1.3330002,0.94299984,18300.0,7800.0,4700.0,1
2033763428091006720,IRAS 19475+3119,19:49:29.4,+31:27:16,F3Ibe,3.83,0.3159,0.0209,1.429,2.971,0.16499996,0.18499994,22300.0,2500.0,2700.0,1
2020571869841643392,IRAS 19477+2401,19:49:55.0,+24:08:55,F5I,3.81,0.5634,0.6163,2.321,4.139,2.0570002,1.9459999,4317.0,5356.0,3105.0,1
2026709201998745472,IRAS 19480+2504,19:50:08.3,+25:11:59,C-rich,,0.6965,0.342,1.006,3.36,2.2700002,1.749,4685.0,8515.0,3608.0,1
6871175064823382912,IRAS 19500-1709,19:52:52.7,-17:01:49,F4Ia,3.82,0.3992,0.03077,1.009,2.31,0.171,0.14499998,5460.0,839.0,665.0,1
2074302426124470656,IRAS 19589+4020,20:00:42.9,+40:29:09,F5I,3.81,-0.4688,0.1624,10.96,10.03,4.37,3.0049996,5231.0,5569.0,2665.0,1
6879196723703009920,IRAS 19590-1249,20:01:49.9,-12:41:17,B1Ibe,4.42,0.1517,0.02611,0.9832,4.734,0.6799998,0.5840001,1748.0,539.0,405.0,1
2034134414507432064,IRAS 20000+3239,20:01:59.5,+32:47:32,G2I,3.73,0.2049,0.04932,2.246,4.581,1.494,0.88499975,10300.0,7800.0,3594.0,1
2030200671149815424,IRAS 20004+2955,20:02:27.2,+30:04:25,G7Ia,3.67,0.239,0.01777,0.9075,3.723,0.26499987,0.23699999,52200.0,7700.0,6400.0,1
4190636669164572928,IRAS 20023-1144,20:05:05.3,-11:35:58,F2II,3.85,1.336,0.02713,0.8088,0.7274,0.015599966,0.013400018,1763.0,76.0,64.0,2
2055174630333744384,IRAS 20042+3259,20:06:10.6,+33:07:51,,,0.4091,0.0366,1.179,2.288,0.19799995,0.18900013,110.0,19.699997,17.46,1
2060806470651334912,IRAS 20094+3721,20:11:16.6,+37:30:52,,,0.5297,0.01142,1.029,1.787,0.038000107,0.04099989,1412.0,61.0,64.0,2
1803364717856260736,IRAS 20136+1309,20:16:00.6,+13:18:56,F5I,3.81,0.2793,0.07409,4.92,3.7,1.5649998,0.80999994,958.1,982.9,373.3,1
2060616220769708672,IRAS 20145+3656,20:16:26.3,+37:06:09,B,4.26,-0.1499,0.07448,3.182,9.392,2.578,1.7660003,59700.0,37200.0,20300.0,3
1836195688380634368,IRAS 20160+2734,20:18:05.9,+27:44:04,F3Ie,3.83,0.3908,0.01603,1.041,2.317,0.09300017,0.07999992,4076.0,331.0,277.0,1
2054521833963867008,IRAS 20174+3222,20:19:27.9,+32:32:16,,,0.1238,0.04403,1.365,5.16,1.3590002,0.88499975,2076.0,1239.0,650.0,1
2056435602670418688,IRAS 20244+3509,20:26:25.0,+35:19:13,,,0.5285,0.02617,1.144,1.694,0.074,0.062999964,298.6,26.299988,22.0,2
1859190569633451648,IRAS 20406+2953,20:42:45.9,+30:04:08,,,0.21,0.116,2.219,3.864,1.3809998,0.87600017,4643.0,3912.0,1867.0,3
1869422453048750336,IRAS 20462+3416,20:48:16.6,+34:27:23,B1,4.42,0.172,0.01844,1.235,4.72,0.34700012,0.36799955,4411.0,673.0,662.0,1
2193902559325301760,IRAS 20490+5934,20:50:13.4,+59:45:50,A3e,3.95,2.062,0.01551,0.8655,0.4819,0.0034999847,0.003700018,151.4,2.2000122,2.2999878,2
2197298400984984064,IRAS 20559+6416,20:56:53.5,+64:28:32,,,2.241,0.02946,1.813,0.4394,0.005800009,0.0063000023,50.0,1.3400002,1.4099998,2
1731164844433296128,IRAS 20547+0247,20:57:16.3,+02:58:43,,,0.1891,0.05391,3.259,4.774,1.092,0.9330001,12300.0,6200.0,4347.0,2
2168803045330976768,IRAS 20572+4919,20:58:55.6,+49:31:15,F3Ie,3.83,1.577,0.01242,0.9983,0.623,0.005199969,0.0038000345,118.4,2.0,1.5,2
2179471159976791168,IRAS 21289+5815,21:30:22.8,+58:28:52,A9,3.88,1.011,0.0196,1.362,0.9645,0.016900003,0.016600013,22.33,0.7800007,0.77000046,2
6831062200578042624,PHL 1580,21:30:25.2,-19:22:33,,,3.156,0.01847,0.9539,0.3142,0.0015999973,0.0015000105,2.369,0.02399993,0.022000074,1
6616993471402951680,BPS CS29493-0046,21:50:05.8,-30:49:11,B,4.26,0.0504,0.03986,0.9237,14.8,4.5600004,6.5390005,615.8,437.2,424.0,2
6824212243136821248,PHL 174,21:50:48.6,-19:42:00,B3,4.26,0.06318,0.03521,1.022,8.438,1.9720001,1.6629996,603.1,315.60004,214.39996,1
1976077657917533952,IRAS 21546+4721,21:56:33.1,+47:36:13,,,0.02824,0.02802,1.818,9.781,1.7889996,1.5450001,2009.0,802.0,585.0,1
2005246464463628800,IRAS 22023+5249,22:04:12.2,+53:03:59,B1,4.42,0.1731,0.01843,1.22,5.279,0.5750003,0.48099995,4264.0,979.0,742.0,1
1958757291756223104,IRAS 22223+4327,22:24:31.3,+43:43:12,F7I,3.79,0.3325,0.02593,1.685,2.678,0.20099998,0.13100004,2338.0,363.0,223.0,1
2006425553228658816,IRAS 22272+5435,22:29:10.4,+54:51:07,G5Ia,3.7,0.686,0.0282,1.184,1.41,0.055000067,0.05400002,6166.0,489.0,463.0,1
2594762641717531008,IRAS 22327-1731,22:35:27.5,-17:15:26,A0III,3.99,1.385,0.05579,2.313,0.7022,0.028100014,0.022000015,182.0,14.800003,11.300003,1
6385794694664872320,CD-68 2300,22:40:48.1,-67:41:18,B8,4.06,0.7035,0.02207,0.9883,1.39,0.049000025,0.046000004,2472.0,180.0,161.0,2
1932229409071269248,BD+39 4926,22:46:11.2,+40:06:26,B8,4.06,0.1801,0.03703,2.188,4.77,0.9840002,0.73600006,4050.0,1844.0,1154.0,1
2015785313459952128,IRAS 23304+6147,23:32:44.7,+62:03:51,G2Ia,3.73,0.2366,0.02796,1.586,3.98,0.40999985,0.36000013,5242.0,1138.0,904.0,1
